[
  {
    "name": "Apple",
    "price": 120,
    "image": "https://images.unsplash.com/photo-1567306226416-28f0efdc88ce",
    "category": "Fruits",
    "description": "Fresh red apples rich in fiber.",
    "unit": "1 kg",
    "discount": 10,
    "originalPrice": 135
  },
  {
    "name": "Banana",
    "price": 45,
    "image": "https://images.unsplash.com/photo-1574226516831-e1dff420e8f8",
    "category": "Fruits",
    "description": "Sweet ripe bananas full of energy.",
    "unit": "1 dozen",
    "discount": 5,
    "originalPrice": 50
  },
  {
    "name": "Carrot",
    "price": 60,
    "image": "https://images.unsplash.com/photo-1582515073490-d0271a55f134",
    "category": "Vegetables",
    "description": "Crunchy carrots for healthy eyes.",
    "unit": "1 kg"
  },
  {
    "name": "Tomato",
    "price": 30,
    "image": "https://images.unsplash.com/photo-1567306301408-9b74779a11af",
    "category": "Vegetables",
    "description": "Juicy tomatoes rich in Vitamin C.",
    "unit": "1 kg"
  },
  {
    "name": "Potato",
    "price": 25,
    "image": "https://images.unsplash.com/photo-1582515731056-2c8c2ce34647",
    "category": "Vegetables",
    "description": "Versatile and starchy potatoes.",
    "unit": "1 kg"
  },
  {
    "name": "Onion",
    "price": 35,
    "image": "https://images.unsplash.com/photo-1589987607627-2f169ffddccd",
    "category": "Vegetables",
    "description": "Strong-flavored onions.",
    "unit": "1 kg"
  },
  {
    "name": "Broccoli",
    "price": 90,
    "image": "https://images.unsplash.com/photo-1584270354949-1d5f00b7e23e",
    "category": "Vegetables",
    "description": "Green healthy broccoli.",
    "unit": "500 g"
  },
  {
    "name": "Milk",
    "price": 55,
    "image": "https://images.unsplash.com/photo-1588866651050-65c30f1b8d05",
    "category": "Dairy",
    "description": "Fresh cow milk rich in calcium.",
    "unit": "1 litre"
  },
  {
    "name": "Paneer",
    "price": 150,
    "image": "https://images.unsplash.com/photo-1626076950071-c7e6d2ef5ae4",
    "category": "Dairy",
    "description": "Soft and fresh paneer cubes.",
    "unit": "200 g"
  },
  {
    "name": "Eggs",
    "price": 65,
    "image": "https://images.unsplash.com/photo-1582281298055-818f06a18ce4",
    "category": "Dairy",
    "description": "Farm fresh eggs.",
    "unit": "1 dozen"
  },
  {
    "name": "Bread",
    "price": 40,
    "image": "https://images.unsplash.com/photo-1604908177870-882e6aa88b42",
    "category": "Bakery",
    "description": "Soft white bread loaf.",
    "unit": "400 g"
  },
  {
    "name": "Brown Bread",
    "price": 45,
    "image": "https://images.unsplash.com/photo-1589301760014-d929f3979dbc",
    "category": "Bakery",
    "description": "Healthy brown bread loaf.",
    "unit": "400 g"
  },
  {
    "name": "Rice",
    "price": 65,
    "image": "https://images.unsplash.com/photo-1589308078050-06eebd15c9ed",
    "category": "Grains",
    "description": "Premium quality basmati rice.",
    "unit": "1 kg"
  },
  {
    "name": "Wheat Flour",
    "price": 45,
    "image": "https://images.unsplash.com/photo-1602022108230-f82c1a52b703",
    "category": "Grains",
    "description": "Whole wheat flour for healthy rotis.",
    "unit": "1 kg"
  },
  {
    "name": "Sugar",
    "price": 40,
    "image": "https://images.unsplash.com/photo-1580910051070-0b8cd3eec9e4",
    "category": "Grocery",
    "description": "Fine grain white sugar.",
    "unit": "1 kg"
  },
  {
    "name": "Salt",
    "price": 20,
    "image": "https://images.unsplash.com/photo-1600267165837-261d24d8345f",
    "category": "Grocery",
    "description": "Refined iodized salt.",
    "unit": "1 kg"
  },
  {
    "name": "Sunflower Oil",
    "price": 135,
    "image": "https://images.unsplash.com/photo-1629471533457-9845039e7d24",
    "category": "Oil",
    "description": "Refined sunflower oil for cooking.",
    "unit": "1 litre"
  },
  {
    "name": "Turmeric Powder",
    "price": 30,
    "image": "https://images.unsplash.com/photo-1613145993481-1b3cc2537ed1",
    "category": "Spices",
    "description": "Pure turmeric powder.",
    "unit": "100 g"
  },
  {
    "name": "Chilli Powder",
    "price": 50,
    "image": "https://images.unsplash.com/photo-1613145993481-1b3cc2537ed1",
    "category": "Spices",
    "description": "Spicy red chilli powder.",
    "unit": "100 g"
  },
  {
    "name": "Black Pepper",
    "price": 70,
    "image": "https://images.unsplash.com/photo-1609891176337-30e70983df47",
    "category": "Spices",
    "description": "Whole black pepper.",
    "unit": "100 g"
  },
  {
    "name": "Green Tea",
    "price": 150,
    "image": "https://images.unsplash.com/photo-1518972559570-8eb933fef2c0",
    "category": "Beverages",
    "description": "Refreshing green tea bags.",
    "unit": "100 bags"
  },
  {
    "name": "Coffee",
    "price": 180,
    "image": "https://images.unsplash.com/photo-1511920170033-f8396924c348",
    "category": "Beverages",
    "description": "Aromatic roasted coffee.",
    "unit": "250 g"
  },
  {
    "name": "Toor Dal",
    "price": 90,
    "image": "https://images.unsplash.com/photo-1589302168068-964664d93dc0",
    "category": "Pulses",
    "description": "High quality toor dal.",
    "unit": "1 kg"
  },
  {
    "name": "Moong Dal",
    "price": 85,
    "image": "https://images.unsplash.com/photo-1589913999898-8c934fffbf51",
    "category": "Pulses",
    "description": "Protein rich moong dal.",
    "unit": "1 kg"
  },
  {
    "name": "Detergent Powder",
    "price": 130,
    "image": "https://images.unsplash.com/photo-1583912086194-4c9ac7c2c57c",
    "category": "Cleaning",
    "description": "Powerful cleaning detergent powder.",
    "unit": "1 kg"
  }
]